{"street_length_total": 6040561.558587479, "self_loop_proportion": 0.0011913626209977663, "streets_per_node_avg": 2.8233600736959277, "streets_per_node_proportion": {"0": 0.0, "1": 0.18412466894407553, "2": 0.004222162514873527, "3": 0.6234598702644609, "4": 0.1816297547307412, "5": 0.005680727747284382, "6": 0.000690899320615668, "7": 0.00019191647794879668}, "intersection_density_km": null, "circuity_avg": 1.0505565506112404, "streets_per_node_counts": {"0": 0, "1": 4797, "2": 110, "3": 16243, "4": 4732, "5": 148, "6": 18, "7": 5}, "node_density_km": null, "m": 67150, "n": 26053, "edge_length_total": 10872138.267995056, "count_intersections": 21256, "k_avg": 5.154876597704679, "edge_density_km": null, "street_density_km": null, "street_segments_count": 36746, "street_length_avg": 164.38691445565448, "edge_length_avg": 161.9082392851088}